model,connectivity_key,score,is_true,is_fixed_decoy,rank
dreams,ACXKZFDCISQHGW,0.4506391286849975,0,0,13
dreams,ADZVQTOLVGOLAN,0.436028242111206,0,0,34
dreams,AFBZFRQNKMLRPU,0.4523382186889648,0,0,12
dreams,AFCDXKGLUDDXCK,0.4452269673347473,0,0,19
dreams,AGKJZAUTPQSZRO,0.4625051319599151,0,0,7
dreams,AGMPVIHPYRJALX,0.4466218948364258,0,0,17
dreams,AUFRAZXRVAEQRJ,0.4323547184467315,0,0,37
dreams,BEFLEGLDYKEXPG,0.4436984360218048,0,0,22
dreams,BWRZLSRKMPRFKT,0.4013842642307281,0,0,48
dreams,BWVLOICUZVJWAO,0.4255213141441345,0,0,45
dreams,BXYRUPOLNKJLJO,0.4885178804397583,0,1,1
dreams,CYKKHOJPVNFHTG,0.4523451328277588,0,0,11
dreams,GFPUDZUPRPFVCH,0.4497120082378387,0,0,15
dreams,GQILOKQHSNKTKN,0.3591652512550354,0,0,55
dreams,HBKIRGQPEXVXGB,0.4385316669940948,0,0,29
dreams,HBUBWOOQCKRHFZ,0.3993831872940063,0,0,50
dreams,HVQHXVBRXMNGMV,0.3200887739658355,0,0,56
dreams,HZERVZKWKWJZBZ,0.4643804430961609,0,0,6
dreams,IBBFQDJMEDTWOD,0.4346732795238495,0,0,35
dreams,IWSJENJUUGEQNR,0.4824793338775635,0,0,3
dreams,JAFOWHGXRNPWBX,0.4459876716136932,0,0,18
dreams,JQEFLNVZELQNEL,0.376549482345581,0,0,53
dreams,JRIJCTZIZZPYSD,0.4437362551689148,0,0,21
dreams,LEOBQMJSFAJIDQ,0.4392817616462707,0,0,27
dreams,LSAMQENZIRRVMM,0.4602801203727722,0,0,9
dreams,LSQRZOLZKDIULG,0.4875760078430176,0,0,2
dreams,LYYPYBHDPOIUMK,0.361294537782669,0,0,54
dreams,MEDDWISTHXWBPP,0.4418072700500488,0,0,25
dreams,MIXPHKVHUNRPCY,0.4377566874027252,0,0,32
dreams,MKNIKVDJMNFTNX,0.472623199224472,0,0,4
dreams,MRHGBQXYPQRACW,0.2733537554740906,0,0,58
dreams,NAIQFZFTELBICA,0.4298418462276459,0,0,41
dreams,NZTVYPOHQKVOBF,0.4386385679244995,0,0,28
dreams,ODXINVOINFDDDD,0.4314969480037689,0,0,38
dreams,ODYNLFRLVUZHBE,0.1971994489431381,0,0,59
dreams,OFVKDGYFLPKFBT,0.438025563955307,0,0,31
dreams,OHSGVBDKNDXXOL,0.438418298959732,0,0,30
dreams,OSMJWZGKMBVBFK,0.4199957549571991,0,0,46
dreams,OZRNWDQWHRNDOH,0.4268449544906616,0,0,43
dreams,QAQUOCKHGMWZDP,0.4615516364574432,0,0,8
dreams,QDDGOXAFIKLMPU,0.3913614451885223,0,0,51
dreams,QKJVCNMGXZUQGE,0.2770691514015198,0,0,57
dreams,QOZWNBBOKQVIHG,0.4000282287597656,0,0,49
dreams,RGKGMHFSTIUBJZ,0.4306799173355102,0,0,39
dreams,RMJQKUOAUDEPBC,0.4426489472389221,0,0,24
dreams,RUJHFBFKZCYVLZ,0.4338520765304565,0,0,36
dreams,SBBBRSIXPCDQAG,0.4541664719581604,0,0,10
dreams,SCHVWZLYQPLPJV,0.4289168417453766,0,0,42
dreams,SNVFTYHPIXBDHO,0.0576576367020607,0,0,60
dreams,SZYUZVASEFYUCP,0.4429532885551452,0,0,23
dreams,UMIIKEROLULCCZ,0.3886295557022095,0,0,52
dreams,VILWYXXAYVMNPA,0.4301196038722992,0,0,40
dreams,VXAGYKCLEBBUTC,0.4366935491561889,0,0,33
dreams,VYYSELDRNZWVGB,0.4726175665855407,0,0,5
dreams,WJYMEDBNOOSKGW,0.4264019131660461,0,0,44
dreams,WKICMFGWSYLLKH,0.4449095129966736,0,0,20
dreams,XHJUTGOKRFRRGS,0.4496577382087707,0,0,16
dreams,XTWQFJODFQFTIT,0.4500920176506042,1,0,14
dreams,YZTFFEUOBFDIEA,0.4402629733085632,0,0,26
dreams,ZTUMSEOTWLRUJC,0.4141731858253479,0,0,47
rt_only_d11,ACXKZFDCISQHGW,0.3201545178890228,0,0,23
rt_only_d11,ADZVQTOLVGOLAN,0.3385590612888336,0,0,12
rt_only_d11,AFBZFRQNKMLRPU,0.2957881391048431,0,0,42
rt_only_d11,AFCDXKGLUDDXCK,0.3074641823768616,0,0,29
rt_only_d11,AGKJZAUTPQSZRO,0.278929054737091,0,0,53
rt_only_d11,AGMPVIHPYRJALX,0.2983692586421966,0,0,38
rt_only_d11,AUFRAZXRVAEQRJ,0.3235498666763305,0,0,19
rt_only_d11,BEFLEGLDYKEXPG,0.3014551103115082,0,0,36
rt_only_d11,BWRZLSRKMPRFKT,0.2831015586853027,0,0,51
rt_only_d11,BWVLOICUZVJWAO,0.3014974594116211,0,0,35
rt_only_d11,BXYRUPOLNKJLJO,0.3705421984195709,0,1,5
rt_only_d11,CYKKHOJPVNFHTG,0.3804494738578796,0,0,4
rt_only_d11,GFPUDZUPRPFVCH,0.3341221809387207,0,0,15
rt_only_d11,GQILOKQHSNKTKN,0.2348603457212448,0,0,57
rt_only_d11,HBKIRGQPEXVXGB,0.2886543273925781,0,0,47
rt_only_d11,HBUBWOOQCKRHFZ,0.2824986279010772,0,0,52
rt_only_d11,HVQHXVBRXMNGMV,0.3036528825759887,0,0,33
rt_only_d11,HZERVZKWKWJZBZ,0.3398072123527527,0,0,11
rt_only_d11,IBBFQDJMEDTWOD,0.3021053969860077,0,0,34
rt_only_d11,IWSJENJUUGEQNR,0.3352114558219909,0,0,13
rt_only_d11,JAFOWHGXRNPWBX,0.3218113780021667,0,0,21
rt_only_d11,JQEFLNVZELQNEL,0.2743837237358093,0,0,54
rt_only_d11,JRIJCTZIZZPYSD,0.3348239064216614,0,0,14
rt_only_d11,LEOBQMJSFAJIDQ,0.3124629855155945,0,0,26
rt_only_d11,LSAMQENZIRRVMM,0.3590063154697418,0,0,7
rt_only_d11,LSQRZOLZKDIULG,0.3815672397613525,0,0,3
rt_only_d11,LYYPYBHDPOIUMK,0.263367235660553,0,0,55
rt_only_d11,MEDDWISTHXWBPP,0.2980755865573883,0,0,39
rt_only_d11,MIXPHKVHUNRPCY,0.318157434463501,0,0,24
rt_only_d11,MKNIKVDJMNFTNX,0.2910796999931335,0,0,44
rt_only_d11,MRHGBQXYPQRACW,0.1235241815447807,0,0,60
rt_only_d11,NAIQFZFTELBICA,0.2994747459888458,0,0,37
rt_only_d11,NZTVYPOHQKVOBF,0.354934811592102,0,0,8
rt_only_d11,ODXINVOINFDDDD,0.323458731174469,0,0,20
rt_only_d11,ODYNLFRLVUZHBE,0.1545724123716354,0,0,58
rt_only_d11,OFVKDGYFLPKFBT,0.3995398283004761,0,0,2
rt_only_d11,OHSGVBDKNDXXOL,0.2877742350101471,0,0,48
rt_only_d11,OSMJWZGKMBVBFK,0.3038264811038971,0,0,32
rt_only_d11,OZRNWDQWHRNDOH,0.3072636127471924,0,0,30
rt_only_d11,QAQUOCKHGMWZDP,0.2846742272377014,0,0,50
rt_only_d11,QDDGOXAFIKLMPU,0.2978948950767517,0,0,40
rt_only_d11,QKJVCNMGXZUQGE,0.2905330061912536,0,0,45
rt_only_d11,QOZWNBBOKQVIHG,0.2629643082618713,0,0,56
rt_only_d11,RGKGMHFSTIUBJZ,0.2865597307682037,0,0,49
rt_only_d11,RMJQKUOAUDEPBC,0.3649491965770721,0,0,6
rt_only_d11,RUJHFBFKZCYVLZ,0.3210595250129699,0,0,22
rt_only_d11,SBBBRSIXPCDQAG,0.3403180837631225,0,0,10
rt_only_d11,SCHVWZLYQPLPJV,0.3145009577274322,0,0,25
rt_only_d11,SNVFTYHPIXBDHO,0.1512103378772735,0,0,59
rt_only_d11,SZYUZVASEFYUCP,0.2974776923656463,0,0,41
rt_only_d11,UMIIKEROLULCCZ,0.3061707615852356,0,0,31
rt_only_d11,VILWYXXAYVMNPA,0.2888307571411133,0,0,46
rt_only_d11,VXAGYKCLEBBUTC,0.3080077469348907,0,0,27
rt_only_d11,VYYSELDRNZWVGB,0.3314366936683655,0,0,17
rt_only_d11,WJYMEDBNOOSKGW,0.2946867942810058,0,0,43
rt_only_d11,WKICMFGWSYLLKH,0.3322809338569641,0,0,16
rt_only_d11,XHJUTGOKRFRRGS,0.3246656656265259,0,0,18
rt_only_d11,XTWQFJODFQFTIT,0.4872663617134094,1,0,1
rt_only_d11,YZTFFEUOBFDIEA,0.3411327600479126,0,0,9
rt_only_d11,ZTUMSEOTWLRUJC,0.3077749907970428,0,0,28
